customerID,proba_churn,label_pred
7024-OHCCK,0.7987212932025595,1
5150-ITWWB,0.7984045371383626,1
5192-EBGOV,0.7956719974037675,1
2545-EBUPK,0.790333249695964,1
6567-HOOPW,0.7893917827073746,1
3551-HUAZH,0.7846494146830245,1
4826-XTSOH,0.7835261129420925,1
9603-OAIHC,0.780274436916117,1
5804-LEPIM,0.7752233633424235,1
5276-KQWHG,0.7741663834754411,1
4102-OQUPX,0.77158365212499,1
2123-AGEEN,0.7681178699228621,1
4086-YQSNZ,0.7671609053674694,1
9799-CAYJJ,0.7612718581585309,1
7274-RTAPZ,0.7592356779202586,1
1455-ESIQH,0.7576632905070042,1
0196-VULGZ,0.7563163923593786,1
9957-YODKZ,0.7525840419364885,1
2004-OCQXK,0.7497902745720649,1
2688-BHGOG,0.7497309377807969,1
7130-VTEWQ,0.7495088127423923,1
1143-NMNQJ,0.748845070184375,1
6457-USBER,0.7485054606251047,1
5494-HECPR,0.7478891731258381,1
9300-RENDD,0.7475525225818269,1
9878-TNQGW,0.7437792866067553,1
4273-MBHYA,0.7436863757879625,1
2799-ARNLO,0.7431038590958455,1
4234-XTNEA,0.7428426598216556,1
8816-VXNZD,0.7420617258653215,1
6860-YRJZP,0.7419455543713152,1
4529-CKBCL,0.7417963427366331,1
4927-WWOOZ,0.7415334977561243,1
7074-IEVOJ,0.7407600813960172,1
7779-LGOVN,0.7402805832640673,1
9402-ORRAH,0.7396906443229204,1
1031-IIDEO,0.7371756937259961,1
1618-CFHME,0.7369318293328474,1
1678-FYZOW,0.7363207771214952,1
0328-GRPMV,0.7363062573457533,1
5875-YPQFJ,0.736074043966239,1
5542-TBBWB,0.736074043966239,1
7660-HDPJV,0.7352600922629287,1
2018-QKYGT,0.7341195042101963,1
1658-BYGOY,0.7328550456549354,1
8752-STIVR,0.7292986257811471,1
1579-KLYDT,0.7287707013976134,1
0094-OIFMO,0.7268901894513159,1
0004-TLHLJ,0.7233215492003892,1
8380-PEFPE,0.7229674893828913,1
9897-KXHCM,0.7224581705884014,1
4550-EVXNY,0.7205517961140877,1
1447-GIQMR,0.7199455412967013,1
6416-TVAIH,0.7191560196095292,1
9391-EOYLI,0.7189031885386176,1
4795-KTRTH,0.7167613730158122,1
9944-HKVVB,0.7158523257163605,1
2959-MJHIC,0.7156610332234065,1
7234-FECYN,0.7146507632120002,1
4094-NSEDU,0.7135857387508273,1
7526-BEZQB,0.713316997427867,1
3398-FSHON,0.7118178887684847,1
7379-POKDZ,0.7086771758271544,1
9208-OLGAQ,0.7066573610986199,1
1626-ERCMM,0.7043303067697382,1
0011-IGKFF,0.7024262621369696,1
5564-NEMQO,0.7021997809281029,1
3097-NQYSN,0.7011976486136466,1
0702-PGIBZ,0.7009438793510213,1
3621-CEOVK,0.700663408859199,1
8875-AKBYH,0.7002674764160055,1
3295-YVUSR,0.6999729870337903,1
3765-JXVKY,0.6998772334830135,1
3030-YDNRM,0.6987465603440733,1
1195-OIYEJ,0.696862849426006,1
8185-UPYBR,0.6965629572954484,1
5928-QLDHB,0.6961120177048044,1
2398-YPMUR,0.6950141986348268,1
7613-LLQFO,0.6949838577207756,1
0018-NYROU,0.6942293065608176,1
0680-DFNNY,0.6925011792686575,1
4283-FUTGF,0.6919039420597892,1
2260-USTRB,0.6868179196427077,1
4505-EXZHB,0.6846895196429541,1
5054-IEXZT,0.6843661563282029,1
0689-NKYLF,0.6843075034890495,1
3138-BKYAV,0.6834097765645615,1
1184-PJVDB,0.6828628202795948,1
9189-JWSHV,0.6812141079100437,1
7903-CMPEY,0.68096174686552,1
6087-MVHJH,0.6787882101204672,1
7120-RFMVS,0.6772295232944503,1
3957-LXOLK,0.674721485680212,1
8010-EZLOU,0.6743236119557173,1
7145-FEJWU,0.6718590508531311,1
5609-CEBID,0.6705992030441202,1
6688-UZPWD,0.6700689669293161,1
4143-OOBWZ,0.6680848018837204,1
1569-TTNYJ,0.664587082739175,1
5382-SOYZL,0.6624208005066551,1
0875-CABNR,0.6620594183683041,1
3096-GKWEB,0.661965836412594,1
5955-ERIHD,0.6616861573011679,1
0306-JAELE,0.6615435804507939,1
5380-AFSSK,0.6603638091548336,1
6379-RXJRQ,0.6596447490592068,1
5442-UTCVD,0.6586798090124316,1
2262-SLNVK,0.65798941413498,1
5995-SNNEW,0.6566103041348577,1
2856-HYAPG,0.6560156602505293,1
4480-QQRHC,0.6553674750841223,1
6140-QNRQQ,0.6516716240934021,1
5442-BHQNG,0.6512748042180193,1
7028-DVOIQ,0.6505865156898059,1
2107-FBPTK,0.6491150570474771,1
6331-EWIEB,0.6477153763635962,1
4816-JBHOV,0.6475077054437106,1
3754-DXMRT,0.6467275162414471,1
4598-XLKNJ,0.6452828289877983,1
9355-NPPFS,0.6440390733564882,1
9025-AOMKI,0.6428180792287546,1
6319-IEJWJ,0.6388413452961877,1
8413-VONUO,0.6386985111332686,1
4873-ILOLJ,0.6385944341248698,1
6923-JHPMP,0.637365928763926,1
1918-ZBFQJ,0.6355272196611848,1
3473-XIIIT,0.6346746266077037,1
7479-NITWS,0.6326966939711856,1
5244-IRFIH,0.6313591789221686,1
7908-QCBCA,0.6307830630533712,1
2984-MIIZL,0.6289627579229958,1
3746-EUBYR,0.6288116088200478,1
3884-HCSWG,0.6273705362024015,1
4566-NECEV,0.6265693100585896,1
8861-HGGKB,0.6230320354720931,1
2612-RANWT,0.6215421709580327,1
5673-FSSMF,0.6211575356428682,1
8630-FJLIB,0.6202385947095342,1
7703-ZEKEF,0.6201353895264102,1
3074-GQWYX,0.6199987872775969,1
2739-CACDQ,0.6159543738944568,1
5216-WASFJ,0.6137739649734588,1
2154-KVJFF,0.6125058286766608,1
2079-FBMZK,0.6124054985281495,1
4853-OITSN,0.6119485755756567,1
7932-WPTDS,0.609872698112712,1
8625-AZYZY,0.609732594518111,1
9330-IJWIO,0.6094341952368427,1
8120-JDCAM,0.609389614913282,1
0947-MUGVO,0.6067641782595359,1
9121-PHQSR,0.6063115087463317,1
4298-OYIFC,0.6049629007205843,1
9494-MRNYX,0.6047656416604059,1
3249-ZPQRG,0.6021048826387922,1
0812-WUPTB,0.6019503658336871,1
0027-KWYKW,0.6002712752117374,1
4484-CGXFK,0.5995825310674308,1
8854-CCVSQ,0.5991391230275367,1
6857-VWJDT,0.5982326028291607,1
4855-SNKMY,0.598148000015059,1
1580-BMCMR,0.596831764806956,1
5022-KVDQT,0.595432070637238,1
5405-ZMYXQ,0.5949030959849904,1
9436-ZBZCT,0.5938986082868049,1
2091-RFFBA,0.5929400925656685,1
3640-PHQXK,0.5925311827626534,1
2696-NARTR,0.591266295467445,1
2962-XPMCQ,0.5912457857897795,1
3427-GGZZI,0.5905760211196449,1
2114-MGINA,0.5904554907721435,1
4013-TLDHQ,0.5878256471650876,1
4123-DVHPH,0.5869705677249313,1
6137-NICCO,0.5856332978942065,1
8118-TJAFG,0.583089718941084,1
3753-TSEMP,0.5818794351861977,1
9828-AOQLM,0.5816640692610873,1
2504-DSHIH,0.5804672602123269,1
4132-KALRO,0.5802216679384748,1
4587-NUKOX,0.5801154809859312,1
3799-ISUZQ,0.5798282214040239,1
4361-JEIVL,0.5797435338401743,1
3672-YITQD,0.5776583513780649,1
8981-FJGLA,0.5746649637833994,1
8519-QJGJD,0.574114112439635,1
5899-MQZZL,0.5734880252288584,1
5896-NPFWW,0.5731906257240424,1
1465-VINDH,0.5731443924899843,1
8104-OSKWT,0.5710304896954596,1
4369-HTUIF,0.5689367368037962,1
5914-DVBWJ,0.5688413286903409,1
0570-BFQHT,0.5673179232299381,1
8687-BAFGU,0.5668452240267132,1
8637-XJIVR,0.5654032039950513,1
7978-DKUQH,0.5621095909877379,1
8040-MNRTF,0.5620072095865078,1
8709-KRDVL,0.5618633154415124,1
4647-MUZON,0.5613593243708103,1
7562-UXTPG,0.5598043239817059,1
4110-PFEUZ,0.5596869122544389,1
7020-OZKXZ,0.5592386710995667,1
2468-SJFLM,0.5582963412640132,1
5899-OUVKV,0.5572028311500293,1
3798-EPWRR,0.5568954867885865,1
5760-IFJOZ,0.555955277990963,1
5219-YIPTK,0.5557134798952387,1
0023-XUOPT,0.5539062352397782,1
6645-MXQJT,0.553849853905402,1
6352-TWCAU,0.5524996050516261,1
1976-CFOCS,0.5501045335808441,1
2018-PZKMU,0.5498330268333951,1
5590-BYNII,0.5483998216897787,1
4817-QRJSX,0.5456496153932064,1
4547-KQRTM,0.5450365387536842,1
0337-CNPZE,0.5448728236022029,1
7892-POOKP,0.5439809912790063,1
7714-YXSMB,0.543610070771597,1
4512-ZUIYL,0.543530748094503,1
0637-YLETY,0.5411733672258174,1
0115-TFERT,0.5411117610756186,1
0362-ZBZWJ,0.5406416124020896,1
1212-GLHMD,0.5399024923519992,1
9430-FRQOC,0.5392322745783712,1
7562-GSUHK,0.5387841620603171,1
7315-WYOAW,0.5374212913375652,1
1406-PUQVY,0.5367747292571279,1
8486-AYEQH,0.5367659993737239,1
9851-QXEEQ,0.5367144512748965,1
9741-YLNTD,0.5355217003607462,1
4546-FOKWR,0.5353541768945885,1
2931-FSOHN,0.5326622012032591,1
3914-FDRHP,0.5313612292774816,1
1084-UQCHV,0.5305813638160144,1
0661-XEYAN,0.5299107524341663,1
1496-GGSUK,0.5297593326680445,1
7426-RHZGU,0.529663971838725,1
7511-YMXVQ,0.528091599761672,1
4690-PKDQG,0.5276476235695073,1
7321-PKUYW,0.5262693089140905,1
8563-OYMQY,0.5258846037125455,1
2722-JMONI,0.5249644899911065,1
4570-QHXHL,0.5248961731687869,1
5404-GGUKR,0.5233604121610844,1
2718-GAXQD,0.5224852166704634,1
3647-GMGDH,0.5220402908184838,1
4373-MAVJG,0.5194004934549505,1
4077-CROMM,0.5191835868421768,1
5183-SNMJQ,0.5187967337732768,1
9658-WYUFB,0.5184040724794673,1
5650-YLIBA,0.5174358410681625,1
6629-CZTTH,0.514369274004016,1
9620-ENEJV,0.5134297780144095,1
7892-QVYKW,0.5117886478235262,1
7586-ZATGZ,0.5110103644756994,1
3269-ATYWD,0.510579990901386,1
4289-DTDKW,0.5087016270796066,1
0141-YEAYS,0.5082482419054302,1
2636-OHFMN,0.5080516502219495,1
9274-UARKJ,0.5078736004863096,1
1612-EOHDH,0.5074803568621845,1
9637-EIHEQ,0.5073900161438007,1
1660-HSOOQ,0.5066172832668434,1
9492-TOKRI,0.5059242889850242,1
2523-EWWZL,0.5052801160168643,1
8128-YVJRG,0.5045056236052137,1
3211-ILJTT,0.5025515581730429,1
6646-VRFOL,0.5022038432887195,1
9129-UXERG,0.5014960006861513,1
7567-ECMCM,0.4996966174243661,1
5133-POWUA,0.49932061087875407,1
2832-KJCRD,0.49916358881205924,1
4013-UBXWQ,0.4987585141085315,1
2275-RBYQS,0.4987119321382568,1
4465-VDKIQ,0.49855908149667816,1
8950-MTZNV,0.49802713404895044,1
6651-AZVTJ,0.49787303623273677,1
6595-COKXZ,0.497266208506297,1
2372-HWUHI,0.4964943249089984,1
9508-ILZDG,0.49578860943416,1
1260-TTRXI,0.4939490504751317,1
9272-LSVYH,0.49327914469039,1
5130-IEKQT,0.4927862604889491,1
5998-VVEJY,0.4926050852036316,1
3384-CTMSF,0.49224424811453255,1
5222-IMUKT,0.49217985391886965,1
7483-IQWIB,0.4915395066031388,1
9398-MMQTO,0.49031326304249945,1
9514-JDSKI,0.4895650195557546,1
4671-LXRDQ,0.4892253872596971,1
1932-UEDCX,0.4886869850005081,1
7786-WBJYI,0.48855142158611764,1
8642-GVWRF,0.488428405780056,1
3278-FSIXX,0.4882399042657598,1
3926-CUQZX,0.4881033152312405,1
4847-QNOKA,0.4877985790407629,1
0374-IOEGQ,0.4873676804589973,1
4566-QVRRW,0.48647453513559374,1
5522-JBWMO,0.4861372966636722,1
1866-OBPNR,0.4860570596959752,1
0599-XNYDO,0.48545392790937847,1
4391-RESHN,0.4848693757151297,1
8800-ZKRFW,0.4840723042471696,1
6518-LGAOV,0.4838572078183992,1
0666-UXTJO,0.4834125915627957,1
3969-GYXEL,0.4751013054145707,1
9058-CBREO,0.47410772510564103,1
0224-HJAPT,0.47319538814148104,1
9898-KZQDZ,0.47015256508444614,1
6907-FLBER,0.4695937146628958,1
9552-TGUZV,0.4694476976026955,1
7537-RBWEA,0.4679125969046803,1
0578-SKVMF,0.46717260517641135,1
4030-VPZBD,0.4668528086243552,1
3370-GQEAL,0.46646439827591857,1
9269-CQOOL,0.46611631783102664,1
4236-UJPWO,0.46537593037145564,1
8496-EJAUI,0.4640627071329684,1
4484-GLZOU,0.4633852885558348,1
2637-FKFSY,0.4613412848620446,1
9332-GYWLO,0.46090815516353273,1
3174-RKMOW,0.46050182424306757,1
7739-LAXOG,0.45979597174883047,1
2800-QQUSO,0.4591502099856535,1
3943-KDREE,0.4584540196207557,1
8155-IBNHG,0.4582690213087163,1
4729-XKASR,0.45688043298180636,1
5950-AAAGJ,0.45652885491431894,1
2969-QWUBZ,0.4560142436151624,1
5960-MVTUK,0.45551760495399496,1
5129-JLPIS,0.45463026744974594,1
5649-RXQTV,0.4505884065938869,1
6522-YRBXD,0.4503155080758674,1
8429-XIBUM,0.4500890422010427,1
6204-IEUXJ,0.4494816572862474,1
9529-OFXHY,0.44900242047461403,1
1025-FALIX,0.44873217297491264,1
5533-NHFRF,0.448580889136364,1
9638-JIQYA,0.4469790527738092,1
5143-EGQFK,0.44438273190610833,1
7268-IGMFD,0.44346905004693066,1
9450-TRJUU,0.44337324613544576,1
3500-RMZLT,0.44337240992798943,1
3161-GETRM,0.4431170981266879,1
7159-FVYPK,0.44099667445919455,1
6135-OZQVA,0.4391828913695391,1
4238-JSSWH,0.4378161700285054,1
2921-XWDJH,0.4369015613566911,1
7240-FQLHE,0.4367000744088605,1
2933-FILNV,0.43619175603568516,1
0365-GXEZS,0.4361239990507365,1
6218-KNUBD,0.43586995493975317,1
3932-CMDTD,0.4346567838676652,1
6410-LEFEN,0.4342864667814908,1
0064-YIJGF,0.43402956186706054,1
7077-XJMET,0.4336329110479338,1
3097-NNSPB,0.4331913700435308,1
0641-EVBOJ,0.43087761264294977,1
7089-IVVAZ,0.4297848843343332,1
8272-ONJLV,0.42955479757835197,1
9921-QFQUL,0.4284204945597724,1
8824-RWFXJ,0.42840532508995627,1
9584-EXCDZ,0.42614401748703745,1
3583-KRKMD,0.42595581954916123,1
4881-JVQOD,0.4258384135009444,1
3669-LVWZB,0.42352287849662745,1
2761-XECQW,0.4232246646540598,1
4553-DVPZG,0.42303577785811725,1
8887-IPQNC,0.4222631970864881,1
7929-DMBCV,0.42047751572341935,1
1228-ZLNBX,0.42017649709413984,1
0587-DMGBH,0.4196390319475432,0
9644-UMGQA,0.4188270675957848,0
0093-XWZFY,0.41749823339594727,0
7277-OZCGZ,0.4171991696142433,0
1208-NBVFH,0.4163502689000712,0
0533-BNWKF,0.4149844731406935,0
3791-LGQCY,0.4135534309905175,0
1518-VOWAV,0.4127789742965386,0
1689-MRZQR,0.4120795696687363,0
9793-WECQC,0.4117018741301446,0
7881-EVUAD,0.4116060468101024,0
9278-VZKCD,0.40844539525628026,0
4581-LNWUM,0.40833508189871637,0
7593-XFKDI,0.4076776954208821,0
0415-MOSGF,0.404885496837748,0
2074-GUHPQ,0.40425762911222557,0
8806-EAGWC,0.4036305082919013,0
9667-TKTVZ,0.4031053726829252,0
4391-LNRXK,0.40279852747417283,0
4109-CYRBD,0.4018548044114386,0
0324-BRPCJ,0.39978092579346647,0
9029-FEGVJ,0.3985091931062682,0
6859-RKMZJ,0.3985033273994672,0
3669-OYSJI,0.3975945063172325,0
5424-RLQLC,0.39728428296209994,0
5977-CKHON,0.39713831184241877,0
7250-EQKIY,0.39635317950208593,0
7895-VONWT,0.3961485154611274,0
8384-FZBJK,0.3960351582819829,0
9643-YBLUR,0.39548021468063854,0
0778-NELLA,0.3935852085743102,0
2683-BPJSO,0.3933892922682409,0
6641-XRPSU,0.39202935120732796,0
3751-KTZEL,0.39124393531117374,0
0943-ZQPXH,0.3910947438885197,0
2873-ZLIWT,0.38827814859884835,0
4818-DRBQT,0.3865157554053166,0
8229-MYEJZ,0.3859428404948197,0
7579-OOPEC,0.38584427373237895,0
3733-LSYCE,0.3842420680670632,0
4471-KXAUH,0.38117667430582464,0
7181-OQCUT,0.3804026016985793,0
4657-FWVFY,0.38015396018301445,0
2115-BFTIW,0.379499440099573,0
9667-EQRXU,0.37921371409102966,0
9026-LHEVG,0.3748429337239764,0
6988-CJEYV,0.37459489465127643,0
0601-WZHJF,0.3739346319958299,0
1794-HBQTJ,0.3718785377257075,0
5099-BAILX,0.3716873629492785,0
0280-XJGEX,0.37116656635139267,0
9408-HRXRK,0.37032349249596264,0
7963-GQRMY,0.36859222388564716,0
1803-BGNBD,0.3685188320936668,0
6366-ZGQGL,0.3668417600014597,0
5697-GOMBF,0.36458190434629656,0
2101-RANCD,0.36411974445227724,0
4695-VADHF,0.36394717284790457,0
5939-XAIXZ,0.3632980481184959,0
0397-GZBBC,0.3621080316170013,0
1427-VERSM,0.36185627337713094,0
2432-TFSMK,0.3597483434564414,0
1928-BXYIV,0.3593963824637296,0
0804-XBFBV,0.3591240356349347,0
7547-EKNFS,0.35874706810748364,0
2538-OIMXF,0.3581978544094774,0
6288-LBEAR,0.35743587673375343,0
8676-OOQEJ,0.356199412224972,0
8967-SZQAS,0.35521639841921526,0
5780-INQIK,0.3536820663656076,0
3683-QKIUE,0.3531692849110051,0
5600-PDUJF,0.3528014819775374,0
3932-IJWDZ,0.35264961847618814,0
2810-FTLEM,0.35191515289120534,0
5716-LIBJC,0.3502071071200811,0
5071-FBJFS,0.3501348021609797,0
4452-QIIEB,0.34994880221699176,0
3787-TRIAL,0.3496877771486221,0
3604-WLABM,0.34919774937335585,0
7851-FLGGQ,0.3484951320376136,0
8980-WQFWL,0.3483573977938593,0
0623-IIHUG,0.3462693327234345,0
9940-HPQPG,0.34563016867483104,0
3466-RITXD,0.3441720903583325,0
3521-SYVOR,0.34250548942521847,0
3804-RVTGV,0.3413335323496085,0
7501-VTYLJ,0.3404175208672163,0
2014-MKGMH,0.3399452580114032,0
1996-DBMUS,0.33925158424716345,0
3058-WQDRE,0.33811938548612086,0
8751-EDEKA,0.3352311584539017,0
6845-RGTYS,0.3305232908744538,0
3976-BWUCK,0.3304028615606798,0
3466-WAESX,0.3300118583413879,0
0929-PECLO,0.3299869124495221,0
1575-KRZZE,0.3277487079346162,0
8065-BVEPF,0.3267640865337979,0
3692-JHONH,0.3250696045766312,0
3005-TYFRD,0.32338561459214976,0
9108-EJFJP,0.3233666664527899,0
4130-MZLCC,0.32279314990183433,0
5055-MGMGF,0.3215684621296121,0
3898-GUYTS,0.32131568601756255,0
6599-GZWCM,0.31916347243460275,0
3043-TYBNO,0.3191360753289277,0
4459-BBGHE,0.317587772939397,0
6771-XWBDM,0.3165367727308615,0
9505-SQFSW,0.3146361738974347,0
0618-XWMSS,0.3145279025040607,0
0178-SZBHO,0.3138034635653553,0
2433-KMEAS,0.3132251224573473,0
2615-YVMYX,0.31222318032656543,0
9381-NDKME,0.31179142942127136,0
1329-VHWNP,0.31167996325666947,0
1685-VAYJF,0.3114132206748376,0
8761-NSOBC,0.31065788789694065,0
0481-SUMCB,0.3096891650751517,0
3521-MNKLV,0.30868667464024424,0
5131-PONJI,0.3068077744048649,0
4250-WAROZ,0.30531032592271956,0
5445-GLVOT,0.30340122981294393,0
0080-OROZO,0.3030006520025779,0
6483-OATDN,0.3028371066433655,0
2604-XVDAM,0.3019956923526952,0
1956-YIFGE,0.30151468104976226,0
3780-DDGSE,0.3013775351931455,0
5156-UMKOW,0.30129007184290957,0
2403-BCASL,0.30091808227832456,0
4827-USJHP,0.2994114780010172,0
7975-TZMLR,0.2984204323436054,0
3143-ILDAL,0.2976297205605812,0
2684-EIWEO,0.29645235721410246,0
6629-LADHQ,0.29501732942376957,0
2043-WVTQJ,0.2926545366276265,0
1816-FLZDK,0.29180328729712535,0
3162-ZJZFU,0.2914845839089388,0
7426-WEIJX,0.28760350227181386,0
8992-OBVDG,0.28698249461630787,0
6633-SYEUS,0.28658003711937113,0
6614-VBEGU,0.2859673446019704,0
5816-QVHRX,0.2858746477426115,0
7776-QGYJC,0.2839059664610831,0
5527-ACHSO,0.2828580020531877,0
6362-QHAFM,0.2811229295731713,0
5394-SVGJV,0.2808373154016827,0
8812-ZRHFP,0.2783646745763129,0
7530-HDYDS,0.27830198430160263,0
5628-RKIFK,0.2778989940759863,0
2632-UCGVD,0.27733552338482864,0
4176-FXYBO,0.2755423170085912,0
7909-FIOIY,0.2742040618642617,0
9763-GRSKD,0.26952234114774304,0
2011-TRQYE,0.2688698250565653,0
5336-UFNZP,0.268411621527519,0
5639-NTUPK,0.26781507106197117,0
8329-GWVPJ,0.2675173830281058,0
5035-PGZXH,0.26575150018280624,0
6664-FPDAC,0.26397697494947087,0
9881-VCZEP,0.2621150498939839,0
2474-LCNUE,0.2616757517100956,0
1432-FPAXX,0.2616184127365038,0
1410-RSCMR,0.2596377889994817,0
8677-HDZEE,0.25894972923715437,0
0060-FUALY,0.25878762157382473,0
2305-MRGLV,0.257604296314805,0
5149-TGWDZ,0.25738287579756947,0
6952-OMNWB,0.2560617298170586,0
8421-WZOOW,0.25472794823074996,0
5088-QZLRL,0.25415983374170326,0
4232-JGKIY,0.2524891289597527,0
4937-QPZPO,0.2518399957641285,0
5243-SAOTC,0.2517555563061485,0
3982-XWFZQ,0.25160093815273255,0
6818-WOBHJ,0.25066873449168336,0
5553-AOINX,0.24899629978118593,0
8976-OQHGT,0.24870746440997396,0
9500-LTVBP,0.24806266321647233,0
5996-DAOQL,0.24724059117778224,0
8073-IJDCM,0.24707104593686977,0
1552-AAGRX,0.2459697465536875,0
0843-WTBXE,0.24546198170833483,0
7446-YPODE,0.245240588418353,0
6497-TILVL,0.2434332686081456,0
3090-LETTY,0.2426813596585692,0
1493-AMTIE,0.2393560044506015,0
3807-XHCJH,0.23888852929280985,0
9912-OMZDS,0.23869549693250622,0
6807-SIWJI,0.23867650726511203,0
1098-TDVUQ,0.2383096238499724,0
3679-XASPY,0.2382830494775577,0
9142-KZXOP,0.23751922621465268,0
1935-IMVBB,0.23659042756501644,0
9158-VCTQB,0.23570538143692127,0
4070-OKWVH,0.2355224385517634,0
6300-BWMJX,0.23413076056875645,0
4310-KEDTB,0.2336424794337754,0
2886-KEFUM,0.23264643155314704,0
9629-NHXFW,0.2318563782302964,0
1423-BMPBQ,0.23142644718828187,0
5542-DHSXL,0.23101024617733174,0
6773-LQTVT,0.23067973227031394,0
6624-JDRDS,0.22807541635971088,0
4486-EFAEB,0.2272368800750722,0
3221-CJMSG,0.22620068672217117,0
9350-VLHMB,0.2261482537572252,0
6959-GQEGV,0.22508170040951567,0
0463-WZZKO,0.22483772579343034,0
5028-HTLJB,0.22382723571901778,0
6067-NGCEU,0.22382354164719248,0
7129-AZJDE,0.2237496538774124,0
3070-BDOQC,0.22366306212492573,0
5206-HPJKM,0.22358271750027595,0
2929-QNSRW,0.2228040252518968,0
2806-MLNTI,0.22271960369971494,0
3570-YUEKJ,0.22188123425610207,0
8033-ATFAS,0.22098679586066083,0
1356-MKYSK,0.22087277047133158,0
9069-LGEUL,0.22086887992199075,0
9795-VOWON,0.21967985216870467,0
6199-IWKGC,0.21899546502164835,0
2533-TIBIX,0.21842705871405724,0
6549-YMFAW,0.2171675546577844,0
0909-SDHNU,0.21601961059575797,0
0691-NIKRI,0.2157976754937853,0
5287-QWLKY,0.21465396259707692,0
5876-HZVZM,0.21372225561332564,0
3948-FVVRP,0.21372070702425255,0
7854-EDSSA,0.21251115458894443,0
1585-MQSSU,0.212055559847882,0
6231-WFGFH,0.21059822359300867,0
8267-ZNYVZ,0.20963144479883827,0
2530-FMFXO,0.20946009358497295,0
0899-WZRSD,0.20927430636475813,0
9835-ZIITK,0.20915440881546693,0
6804-GDMOI,0.20831828811841807,0
4079-VTGLK,0.20827144661069769,0
3638-DIMPH,0.20804589784191463,0
5443-SCMKX,0.20772783055360167,0
3948-XHGNA,0.20768960841159342,0
3424-NMNBO,0.2074324711225906,0
0471-ARVMX,0.20728300627691004,0
2155-AMQRX,0.2070902465141889,0
9342-VNIMQ,0.2068657757965377,0
9578-FOMUK,0.20510050924942358,0
7874-ECPQJ,0.20381775014007975,0
8295-FHIVV,0.20233746154094517,0
3325-FUYCG,0.20154352843852083,0
6351-SCJKT,0.20110200684594987,0
2320-SLKMB,0.200952190916943,0
4450-YOOHP,0.20049952551540695,0
9027-YFHQJ,0.20037370433777854,0
8663-UPDGF,0.20021838954976867,0
6837-HAEVO,0.1989486339241775,0
4360-QRAVE,0.19798564903922972,0
1784-EZDKJ,0.19696024117998154,0
6050-IJRHS,0.19655664579478344,0
0621-HJWXJ,0.19592148760645714,0
3059-NGMXB,0.19386066633129345,0
8929-KSWIH,0.1938229981423601,0
8166-ORCHU,0.19296942068579798,0
0237-YFUTL,0.19188899761114742,0
0956-ACVZC,0.1907449147215765,0
2796-UUZZO,0.19061427877879275,0
3170-GWYKC,0.18981971127721967,0
7175-NTIXE,0.18956904827559576,0
7140-ADSMJ,0.18903266653928202,0
3981-QSVQI,0.18861516834583877,0
5018-HEKFO,0.18823218308269637,0
4860-YZGZM,0.1864863810184246,0
8111-BKVDS,0.185814697432235,0
4745-LSPLO,0.18472060504676763,0
9753-OYLBX,0.18472060504676763,0
2676-ISHSF,0.18453932809593615,0
8203-XJZRC,0.18449403307387796,0
4786-UKSNZ,0.1844487477366998,0
3030-ZKIWL,0.18431294982752128,0
4877-EVATK,0.1842677032229338,0
1135-LMECX,0.18413202149484148,0
6615-ZGEDR,0.18399642688057888,0
8329-IBCTI,0.1839512480311823,0
9154-QDGTH,0.18341859906456254,0
1015-OWJKI,0.1834098564036574,0
1735-XMJVH,0.1821959750795093,0
4791-QRGMF,0.1807833327800564,0
7716-YTYHG,0.17957802403832376,0
5311-IHLEI,0.17942969481236473,0
5084-OOVCJ,0.1785129860163845,0
2080-SRCDE,0.17757987437758413,0
0883-EIBTI,0.17715258124830965,0
1352-VHKAJ,0.17693003378621858,0
4832-VRBMR,0.17665634373280534,0
2346-DJQTB,0.1766146354098697,0
5701-SVCWR,0.17635776983220494,0
3682-YEUWS,0.17599979982077882,0
5312-IRCFR,0.17581880411060377,0
8439-LTUGF,0.17566520643038994,0
1428-IEDPR,0.1746616263930414,0
1502-XFCVR,0.17440576505302546,0
3807-BPOMJ,0.1729455055548052,0
0247-SLUJI,0.17265082232364587,0
7856-GANIL,0.17263284722988495,0
1448-CYWKC,0.17182265773205027,0
6734-CKRSM,0.17178454976216145,0
9738-QLWTP,0.17119027503037648,0
5334-JLAXU,0.17087254824996426,0
7706-DZNKK,0.17052237360709224,0
2408-TZMJL,0.17006576399547044,0
3128-YOVTD,0.16968816449118612,0
9391-DXGGG,0.16935675682171347,0
5014-WUQMG,0.16927934734966138,0
8070-AAWZP,0.16886720338155897,0
5897-ZYEKH,0.16856821750262369,0
5514-YQENT,0.16827830180485565,0
2410-CIYFZ,0.16725738378600769,0
1110-KYLGQ,0.16634374991531287,0
5616-PRTNT,0.16614515709748798,0
3316-UWXUY,0.166087572853224,0
8920-NAVAY,0.16579793871415358,0
6469-MRVET,0.16519916478235827,0
3635-JBPSG,0.16479112273362365,0
9909-DFRJA,0.16464419476663233,0
5268-DSMNQ,0.16316909165136356,0
2621-UDNLU,0.16200106160848837,0
8706-HRADD,0.16174468177089457,0
7521-YXVZY,0.16085085901113277,0
4472-VESGY,0.1604767972796473,0
8999-XXGNS,0.1604665369541224,0
7446-KQISO,0.16045491183727514,0
3190-XFANI,0.160345179215763,0
9618-LFJRU,0.16030576812493316,0
5193-QLVZB,0.15951951459074637,0
4422-QVIJA,0.1586651558504324,0
5478-JJVZK,0.1583295596050496,0
7605-SNLQG,0.15813663379211684,0
4510-PYUSH,0.1572467095189121,0
9076-AXYIK,0.15649985628163968,0
5811-IWXYM,0.15497231694410038,0
4075-WKNIU,0.1545598514717084,0
7083-YNSKY,0.15372605856605914,0
3752-CQSJI,0.15317205346437296,0
3450-WXOAT,0.1523295491942664,0
0345-XMMUG,0.1519703949080077,0
7674-YTAFD,0.15187784586446085,0
3468-DRVQJ,0.15166506938606603,0
6156-UZDLF,0.1515644578449456,0
3552-CTCYF,0.15138708636172202,0
3927-NLNRY,0.15025498350501215,0
3530-CRZSB,0.1494878912535652,0
6671-NGWON,0.1491045903263833,0
7163-OCEQI,0.14888368892205237,0
7108-DGVUU,0.14876513690276874,0
9970-QBCDA,0.14871309374398517,0
9798-DRYDS,0.14865396592080385,0
4895-TMWIR,0.1474748056255542,0
4389-UEFCZ,0.14695442217263482,0
6386-SZZKH,0.1466417298971051,0
8851-RAGOV,0.14643026452579422,0
3870-MQAMG,0.14628498215665964,0
3126-WQMGH,0.14551930139043118,0
7105-MXJLL,0.14516206604907844,0
1345-GKDZZ,0.1442202666470484,0
6164-HXUGH,0.1441511808723444,0
4683-WYDOU,0.14388285058179293,0
4719-UMSIY,0.14345777769717477,0
1009-IRMNA,0.14319943080124786,0
4644-PIZRT,0.14312448644848758,0
6035-BXTTY,0.1428338647154767,0
2469-DTSGX,0.14245033667385373,0
3280-MRDOF,0.141927676000226,0
7409-JURKQ,0.1413268977982906,0
7663-ZTEGJ,0.1397493000254948,0
9695-IDRZR,0.13967948071915637,0
5774-XZTQC,0.13967464912349034,0
8190-ZTQFB,0.13945787259787618,0
2252-JHJGE,0.13925123016406646,0
2419-FSORS,0.1392226669722702,0
3259-FDWOY,0.1389714670684153,0
8268-YDIXR,0.1383944659112653,0
0098-BOWSO,0.1378214530857579,0
2946-KIQSP,0.1376350342461292,0
5236-PERKL,0.13734936961228233,0
4350-ZTLPI,0.1366701938314222,0
6397-JNZZG,0.13530623105304485,0
2925-MXLSX,0.1352975408712093,0
2791-SFVEW,0.13477667777897126,0
4694-PHWFW,0.13426392288814298,0
0516-QREYC,0.13383912789793379,0
6447-GORXK,0.13344543401516518,0
4700-UBQMV,0.13340664798068308,0
9504-DSHWM,0.13277396879214243,0
5073-WXOYN,0.13227779233169196,0
1113-IUJYX,0.13191721677253987,0
0233-FTHAV,0.13132060148753685,0
4800-CZMPC,0.1309537115238124,0
6202-JVYEU,0.13087061381557658,0
0557-ASKVU,0.12937418704152406,0
6734-FQAJX,0.12853621168782786,0
8375-KVTHK,0.12823565217251148,0
1543-LLLFT,0.12819475877136283,0
7089-XXAYG,0.1276113446736647,0
5732-IKGQH,0.12759593823453566,0
5197-PYEPU,0.12706628136173684,0
8467-WYNSR,0.12590662792135152,0
5286-YHCVC,0.12555051606253703,0
1125-SNVCK,0.12499252672008163,0
4806-DXQCE,0.1247503868654195,0
9256-JTBNZ,0.12430481805910273,0
7868-BGSZA,0.12418903457477674,0
9367-TCUYN,0.12294179641797523,0
7182-OVLBJ,0.12195263055051493,0
3318-ISQFQ,0.12180432959462366,0
9555-SAHUZ,0.12140420300301229,0
9924-JPRMC,0.12134217199513087,0
5414-OFQCB,0.12117559036083798,0
2923-ARZLG,0.12064382031828307,0
6286-ZHAOK,0.11983625557607717,0
5025-GOOKI,0.1197587921665236,0
7531-GQHME,0.11952987587411763,0
0960-HUWBM,0.11930358979308364,0
7184-LRUUR,0.11831650046957595,0
8879-XUAHX,0.11757211414905122,0
2722-VOJQL,0.1166717125749075,0
0742-LAFQK,0.11586649137357026,0
6861-OKBCE,0.1155414090667278,0
5092-STPKP,0.11532086790459357,0
0487-RPVUM,0.11469960484509585,0
3597-YASZG,0.11463816833396093,0
1218-VKFPE,0.11454529315766422,0
5214-NLTIT,0.11434214356905484,0
5913-INRQV,0.11433014455796413,0
9432-RUVSL,0.11427561419057278,0
1353-GHZOS,0.11371018142597193,0
0931-MHTEM,0.11328217260263163,0
0323-XWWTN,0.11283031048400223,0
5397-TUPSH,0.1124388179136192,0
5619-PTMIK,0.11243032464792355,0
0330-BGYZE,0.11221143677978943,0
9146-JRIOX,0.11207106958478315,0
0547-HURJB,0.1116289785440471,0
0266-CLZKZ,0.11090134192717367,0
9350-ZXYJC,0.11086641435764959,0
3387-PLKUI,0.11009972916954165,0
6040-CGACY,0.10979594378449864,0
8261-GWDBQ,0.10976066451221003,0
1810-BOHSY,0.10859568243832689,0
8071-SBTRN,0.10787123801150585,0
7080-TNUWP,0.10780761061315314,0
9933-QRGTX,0.10754791061517732,0
8405-IGQFX,0.10687759290071557,0
2055-SIFSS,0.10645045250142478,0
5447-VYTKW,0.10575532526047202,0
2223-KAGMX,0.10543567948424663,0
4079-ULGFR,0.10487598116344365,0
0458-HEUZG,0.10435613798778183,0
9101-BWFSS,0.10427305589679184,0
1337-BOZWO,0.10373403050693483,0
7255-SSFBC,0.10302792732842007,0
5056-FIMPT,0.10258883173015795,0
8387-UGUSU,0.10246500624669744,0
7107-UBYKY,0.10244735579529451,0
5195-KPUNQ,0.10215058441467499,0
6766-HFKLA,0.1019954329607834,0
7971-HLVXI,0.10156546357394872,0
2363-BJLSL,0.10150987534595968,0
1004-NOZNR,0.10102634554734084,0
9127-FHJBZ,0.10048578028077604,0
9220-ZNKJI,0.09990701031013297,0
2577-GVSIL,0.09976688700101874,0
4072-IPYLT,0.09975741228734622,0
7765-LWVVH,0.09958359560681078,0
4826-DXMUP,0.09903749171877532,0
9107-UKCKY,0.09895579739083642,0
1057-FOGLZ,0.0985420825094064,0
6840-RESVB,0.0982426827275169,0
3680-CTHUH,0.0975662338891149,0
2710-WYVXG,0.0973325111944739,0
6670-MFRPK,0.09673590208669083,0
1536-YHDOE,0.0965403874899813,0
5663-QBGIS,0.09622514036130733,0
3642-GKTCT,0.09537038875250084,0
4423-JWZJN,0.09528005899423954,0
9546-KDTRB,0.09480049850669311,0
9498-FIMXL,0.09479663229729111,0
7707-PYBBH,0.09459363061226211,0
8901-UPRHR,0.09425077775879785,0
9967-ATRFS,0.09399426526962111,0
0862-PRCBS,0.09364427655704266,0
4003-OCTMP,0.09166634888032468,0
5451-YHYPW,0.09145067748543315,0
2926-JEJJC,0.09135870895728769,0
1898-JSNDC,0.09057472121514354,0
8894-JVDCV,0.09042692996143743,0
3082-YVEKW,0.09013031548949384,0
5260-UMPWX,0.09004964736595637,0
6419-ZTTLE,0.08982764314964038,0
9770-KXGQU,0.08875409730382569,0
6257-DTAYD,0.08859210792984773,0
8628-MFKAX,0.08855140108765168,0
9386-LDCZR,0.08846491350696706,0
5393-HJZSM,0.08824762244394804,0
1320-GVNHT,0.0881610344525838,0
8849-GYOKR,0.0871804611026582,0
7047-YXDMZ,0.08717718529221381,0
8029-XYPWT,0.08649287878689121,0
6870-ECSHE,0.08622699057243725,0
8133-ANHHJ,0.08609030479296617,0
0723-VSOBE,0.08604613171255948,0
4199-QHJNM,0.0859254017484753,0
0308-GIQJT,0.08579092938942103,0
1042-HFUCW,0.08500646254380265,0
3275-RHRNE,0.08435802447313359,0
5777-ZPQNC,0.08430626610517916,0
1866-ZSLJM,0.08386740159045673,0
4884-TVUQF,0.083378332971064,0
0725-CXOTM,0.08320360654182427,0
8909-BOLNL,0.08316790121508703,0
4393-OBCRR,0.08311388459295964,0
5539-HIVAK,0.08254273591640152,0
0983-TATYJ,0.08235720194121277,0
6598-RFFVI,0.08228138079005327,0
0013-SMEOE,0.08205250898461333,0
3285-UCQVC,0.08137058142132093,0
4686-GEFRM,0.08045346129271676,0
1150-WFARN,0.07982225326197136,0
4023-RTIQM,0.07958215967572045,0
6265-SXWBU,0.07945938829516239,0
9931-DCEZH,0.07865800888037348,0
1060-ENTOF,0.07864976013790076,0
2889-FPWRM,0.0783725826706059,0
3410-YOQBQ,0.07837015384914087,0
4654-DLAMQ,0.07793938857117677,0
5985-TBABQ,0.0777596731086197,0
8883-GRDWQ,0.07688589550656431,0
2380-DAMQP,0.07667444391447259,0
9788-HNGUT,0.07644415396800285,0
3800-LYTRK,0.07632382805581356,0
5203-XEHAX,0.07626943122412665,0
1402-PTHGN,0.07604550929803244,0
9541-PWTWO,0.0753818852576729,0
1431-CYWMH,0.07522827178686102,0
4403-BWPAY,0.0748727261556393,0
8975-SKGRX,0.07456685560280335,0
1488-PBLJN,0.0744008331136592,0
0134-XWXCE,0.07431513047234649,0
0754-EEBDC,0.07408060535114543,0
6007-TCTST,0.07397997327860288,0
3259-QMXUN,0.0739318311466238,0
3969-JQABI,0.07384696051750662,0
5183-KLYEM,0.07316728277757475,0
7472-EQOAV,0.0719471552871526,0
3963-RYFNS,0.07159563639624372,0
4778-IZARL,0.07147774698394808,0
9575-IWCAZ,0.07117130070868338,0
8752-IMQOS,0.07107505808588761,0
3282-ZISZV,0.07072322288602516,0
8065-QBYTO,0.07061168817653751,0
7353-YOWFP,0.07054453977287758,0
3669-WHAFY,0.07036917779075083,0
3078-ZKNTS,0.06987473637959568,0
3648-GZPHF,0.0697226128537543,0
3423-HHXAO,0.06968992715971097,0
5524-KHNJP,0.06967068192207396,0
0117-LFRMW,0.06929556611726342,0
9754-CLVZW,0.0691636315473697,0
5844-QVTAT,0.06894843617841662,0
9917-KWRBE,0.06843914411347367,0
2190-PHBHR,0.0675354682470758,0
4139-SUGLD,0.06697738980740793,0
0357-NVCRI,0.06649172642385669,0
4451-RWASJ,0.06616751033723504,0
7753-USQYQ,0.06532327772430593,0
7839-NUIAA,0.06504307794666656,0
1150-FTQGN,0.0635078787325473,0
1702-CCFNJ,0.06283710994777562,0
0320-DWVTU,0.06274981044332294,0
2868-LLSKM,0.06273246212311549,0
5306-BVTKJ,0.061753806461805706,0
5917-HBSDW,0.06169519276809839,0
2316-ESMLS,0.061392940012152744,0
5469-NUJUR,0.061373922279730965,0
9142-XMYJH,0.061207503412232,0
5641-DMBFJ,0.06110999309091895,0
7718-UPSKJ,0.060602560831372464,0
3258-SYSWS,0.06052349979399054,0
3882-IYOIJ,0.06046866782754319,0
1090-PYKCI,0.06018496208180929,0
8148-WOCMK,0.06015668852321152,0
2197-OMWGI,0.05937940545598197,0
5840-NVDCG,0.059176912816087654,0
9388-ZEYVT,0.05877460152108545,0
7973-DZRKH,0.057711564459384745,0
1093-YSWCA,0.057679112617063835,0
9619-GSATL,0.05753545500104632,0
4425-OWHWB,0.05707919992464604,0
2634-HCZGT,0.05707632704183015,0
5232-NXPAY,0.05699888426534433,0
7672-VFMXZ,0.05682899447557314,0
3057-VJJQE,0.05660791012478854,0
2907-ILJBN,0.05636279045026395,0
7663-YJHSN,0.056332331791781966,0
0930-EHUZA,0.05624856677898841,0
4626-OZDTJ,0.05588888894384499,0
0022-TCJCI,0.0554386103755253,0
9938-ZREHM,0.05539079944293339,0
3230-IUALN,0.05388571186423931,0
5915-DGNVC,0.05254554072996172,0
9860-LISIZ,0.05193762936523387,0
1696-HXOWK,0.05190807438079903,0
2789-CZANW,0.05184364322415719,0
3372-CDXFJ,0.05182946334620042,0
4452-ROHMO,0.051395828542056175,0
0906-QVPMS,0.051012534639690035,0
9258-CNWAC,0.050735709633301096,0
2027-DNKIV,0.05060483844126514,0
2706-QZIHY,0.049946362463253444,0
4135-FRWKJ,0.04986447633156663,0
9845-QOMAD,0.04985369882758337,0
4393-GEADV,0.049473959687895315,0
7501-IWUNG,0.04925375857571501,0
8221-HVAYI,0.049236446014944424,0
6016-LVTJQ,0.048956632029745414,0
3243-ZHOHY,0.04883908370307862,0
2516-XSJKX,0.04874696785058381,0
2724-FJDYW,0.04851849310013638,0
3458-IDMFK,0.04838457220122332,0
0679-TDGAK,0.04787253573518692,0
6339-RZCBJ,0.046791698377527044,0
0428-AXXLJ,0.046435265889920384,0
7609-NRNCA,0.046361820864725053,0
5791-KAJFD,0.046357002562704065,0
8565-WUXZU,0.045826101615555344,0
4359-INNWN,0.04524847819689769,0
2335-GSODA,0.04477509112600975,0
5788-YPOEG,0.04476764318159349,0
7622-FWGEW,0.044764239852141806,0
9411-TPQQV,0.04459739440417655,0
5825-XJOCM,0.044568544218776804,0
8461-EFQYM,0.044187437220695416,0
7779-ORAEL,0.043890165508972526,0
5872-OEQNH,0.043867466901235705,0
2333-KWEWW,0.043745801083289154,0
9885-MFVSU,0.04373827241821606,0
3865-ZFZIB,0.04311124358863951,0
9194-GFVOI,0.04299042084506939,0
3850-OKINF,0.04294171059025211,0
5995-WWKKG,0.042925058694077436,0
3298-QEICA,0.042716875728616474,0
3315-IKYZQ,0.042675906063699864,0
6693-DJWTY,0.04249873379044352,0
0384-LPITE,0.04244718650580438,0
1328-EUZHC,0.04222794170746768,0
2040-LDIWQ,0.04205128692122801,0
9500-IWPXQ,0.04170788444588096,0
2892-GESUL,0.041459950223762795,0
5668-MEISB,0.041338843611253125,0
1265-BCFEO,0.04132099098254692,0
7054-DMVAS,0.04063327654718511,0
8898-KASCD,0.03985355980492344,0
4092-OFQZS,0.03907669137471392,0
6732-VAILE,0.03895264391160659,0
0078-XZMHT,0.03875846205713361,0
5762-TJXGK,0.03871778168174924,0
2256-YLYLP,0.038545472912344024,0
4293-ETKAP,0.038528550749314563,0
2521-NPUZR,0.03852557096669924,0
6252-DFGTK,0.0383690409371239,0
9028-LIHRP,0.037736660895309984,0
6510-UPNKS,0.037640469576930756,0
2612-PHGOX,0.03739008554847919,0
3551-GAEGL,0.03705491708188855,0
7977-HXJKU,0.0369378631017869,0
8645-KOMJQ,0.03690280185441979,0
5996-EBTKM,0.036672135361084594,0
5256-SKJGO,0.036522470500857405,0
9199-PWQVC,0.036502475707485056,0
3389-KTRXV,0.036377404830853104,0
5197-LQXXH,0.0363446048757283,0
4981-FLTMF,0.03629929853526952,0
0436-TWFFZ,0.03615807553723116,0
2000-DHJUY,0.03600523829105024,0
4598-ZADCK,0.03580220623980847,0
8328-SKJNO,0.03575653518373508,0
0269-XFESX,0.03573292229070399,0
2749-CTKAJ,0.035574718142396634,0
1395-WSWXR,0.035536827002068276,0
9758-MFWGD,0.035321195193970936,0
8165-CBKXO,0.035011049271403506,0
8259-DZLIZ,0.03499458148547889,0
6048-NJXHX,0.03488940888485692,0
6072-NUQCB,0.03476123582210744,0
9670-BPNXF,0.03454941403664656,0
3896-ZVNET,0.03445958492655982,0
6023-GSSXW,0.03441469749649715,0
7244-KXYZN,0.03439915438218559,0
2845-KDHVX,0.03360881521957883,0
1699-UOTXU,0.03360437516047608,0
7018-FPXHH,0.03330969291278835,0
0383-CLDDA,0.033039955765102456,0
6481-LXPWL,0.033037174066591776,0
2225-ZRGSG,0.0329290908520972,0
6061-PQHMK,0.03275509653753682,0
3778-FOAQW,0.03273094786696389,0
1834-WULEG,0.032616421385744075,0
3585-YNADK,0.03236533714596558,0
3474-BAFSJ,0.032340893898662675,0
7349-ALMUX,0.03198076207095355,0
9880-TDQAC,0.03182106429861811,0
9127-QRZMH,0.03172665525820635,0
7632-YUTXB,0.031710400307478105,0
5214-CHIWJ,0.03166908303011377,0
1972-XMUWV,0.03137853014993282,0
1282-IHQAC,0.03125530909497497,0
7945-HLKEA,0.03100564026607573,0
0459-SPZHJ,0.030750246728143932,0
7325-ENZFI,0.03071518523135941,0
2650-GYRYL,0.030581560497333897,0
2878-DHMIN,0.030435122464124602,0
6352-GIGGQ,0.03024113368473339,0
3908-MKIMJ,0.030063199612641832,0
9110-HSGTV,0.02999917600905001,0
2550-AEVRU,0.029786636144220724,0
1172-VIYBP,0.02973761631122107,0
0993-OSGPT,0.02951051621162718,0
1088-AUUZZ,0.029423089728129504,0
6169-PGNCD,0.02938946227502288,0
7579-KKLOE,0.02912960100852386,0
9531-NSBMR,0.02910479775396101,0
7850-THJMU,0.028865374159321517,0
2226-ICFDO,0.028268823968639244,0
9309-BZGNT,0.028232150130626354,0
4827-DPADN,0.02743393320744351,0
1897-RCFUM,0.02659407215617452,0
1022-RKXDR,0.02643877458983763,0
4188-PCPIG,0.02640368494555754,0
5322-ZSMZY,0.02619560270371185,0
6408-WHTEF,0.02615842705840308,0
7153-CHRBV,0.026131900698477782,0
6754-WKSHP,0.02610923430536331,0
8722-PRFDV,0.026050629353843023,0
2361-UPSND,0.026031586643921384,0
8174-LNWMW,0.025930050442368312,0
1971-DTCZB,0.025846146624077165,0
4774-HHGGS,0.025739114428062048,0
9489-DEDVP,0.02550971084424649,0
5727-MYATE,0.025388731128176068,0
5248-YGIJN,0.02514350762704263,0
5871-DGTXZ,0.025131281316520974,0
5231-FIQPA,0.024830228645751316,0
8819-WFGGJ,0.024733246488944392,0
7305-ZWMAJ,0.024658288361220877,0
0219-QAERP,0.024479221170593524,0
5614-DNZCE,0.0244279538645309,0
8717-VCTXJ,0.023829745072667767,0
0310-SUCIN,0.023672284902183472,0
9251-WNSOD,0.023371094973697392,0
6563-VRERX,0.02286665342133473,0
8218-FFJDS,0.02278772834295958,0
1293-HHSHJ,0.022724477126802915,0
3957-SQXML,0.022540693501918063,0
1403-LKLIK,0.022211754075678262,0
3911-RSNHI,0.022121394295784844,0
6897-RWMUB,0.02193633084123522,0
0378-XSZPU,0.021923739546772947,0
0687-ZVTHB,0.021921938379605127,0
8821-KVZKQ,0.021754750776919858,0
7795-CFOCW,0.02138633586338442,0
0739-UUAJR,0.02131372334565681,0
5067-WJEUN,0.021166253821797494,0
2511-ALLCS,0.021075402616086723,0
3887-PBQAO,0.021022519842735333,0
6813-GZQCG,0.02066000599800044,0
4837-PZTIC,0.020476568277406865,0
2296-DKZFP,0.020402714158662783,0
4475-NVTLU,0.02019279294746641,0
4723-BEGSG,0.019858096233658525,0
2606-PKWJB,0.019623168188832262,0
5176-LMJXE,0.019477936674285316,0
3533-UVMOM,0.019316742929400298,0
9710-NJERN,0.01915055096995751,0
7197-VOJMM,0.01879109484779638,0
3181-VTHOE,0.018656503362778513,0
4102-HLENU,0.018600774291309935,0
2194-IIQOF,0.018499368215641264,0
1837-YQUCE,0.018328305743042846,0
9769-TSBZE,0.018144166015968632,0
0617-AQNWT,0.017786062671834746,0
1087-GRUYI,0.017621675496788187,0
3472-QPRCH,0.017543826604794022,0
6885-PKOAM,0.017438501012860867,0
3097-FQTVJ,0.017365365402692172,0
5986-WWXDV,0.01686884872714158,0
3719-TDVQB,0.016733016731268695,0
4933-BSAIP,0.01673188876314678,0
3795-GWTRD,0.016626910410851795,0
9068-FHQHD,0.016162816562233624,0
5795-BKOYE,0.01607946938793624,0
5915-ANOEI,0.015603798019672285,0
7860-KSUGX,0.015408718042605856,0
6810-VCAEX,0.01537901219170992,0
8316-BBQAY,0.015210613249811388,0
9447-YPTBX,0.015125359648364922,0
3284-SVCRO,0.014874912027410248,0
1209-VFFOC,0.014758504891084176,0
0343-QLUZP,0.01464924043310748,0
5360-XGYAZ,0.0146453423768102,0
0301-FIDRB,0.014571167096164397,0
2251-PYLPB,0.014560831680722554,0
1492-KGETH,0.01454166868214865,0
4538-WNTMJ,0.014307023306405856,0
5266-PFRQK,0.014282953857575026,0
4900-MSOMT,0.014271594157523642,0
8896-RAZCR,0.014238694403787736,0
6518-PPLMZ,0.01417138494481442,0
3948-KXDUF,0.014053702354745467,0
3572-UUHRS,0.0139431687878654,0
5242-UOWHD,0.013822111813508772,0
3120-FAZKD,0.013746213203789548,0
6619-RPLQZ,0.013736770331724227,0
2077-DDHJK,0.01348382201742301,0
1371-OJCEK,0.013302214941477684,0
0386-CWRGM,0.01324647929271823,0
5781-RFZRP,0.013185700986660382,0
6925-BAYGL,0.012862046902289962,0
9646-NMHXE,0.01267446228252318,0
0531-XBKMM,0.012605071753776642,0
4361-FEBGN,0.012545790984547464,0
7634-HLQJR,0.01233870811991718,0
4121-AGSIN,0.012183484854837215,0
9081-WWXKP,0.011936292457137728,0
0229-LFJAF,0.011915290196561805,0
0270-THENM,0.011643227218319544,0
8046-DNVTL,0.01155950813141093,0
1955-IBMMB,0.011344505799361545,0
1215-EXRMO,0.011321952058222697,0
1248-DYXUB,0.010962377784997307,0
3170-NMYVV,0.010513122297188149,0
9504-YAZWB,0.010501927635676808,0
6685-XSHHU,0.01031951568409989,0
4872-JCVCA,0.010256424916085263,0
9173-IVZVP,0.010044415773905645,0
7503-EPSZW,0.009673497418888642,0
1852-QSWCD,0.009610533157418253,0
1722-LDZJS,0.009444571992771645,0
5472-CVMDX,0.009274564862115794,0
9451-WLYRI,0.009214461833656803,0
1814-WFGVS,0.00916550549102987,0
8380-MQINP,0.008972651323547232,0
0281-CNTZX,0.008849466801641157,0
3646-ITDGM,0.008750862373447762,0
9087-EYCPR,0.008656261601446957,0
7941-RCJOW,0.008597276344097939,0
2143-LJULT,0.008499429486572384,0
8464-EETCQ,0.008395423616254045,0
0621-TSSMU,0.008313005556862462,0
1399-OUPJN,0.008204766561483586,0
5567-GZKQY,0.008147685656191436,0
6734-JDTTV,0.008118754878796024,0
6323-AYBRX,0.007987409911099188,0
7558-IMLMT,0.007980910446036119,0
4176-RELJR,0.007886262597946395,0
8164-OCKUJ,0.007830624436313856,0
1599-EAHXY,0.007710983783372564,0
5115-SQAAU,0.0076469228942351655,0
9953-ZMKSM,0.007628597285692887,0
6980-CDGFC,0.0075418167451500265,0
3507-GASNP,0.007277367284046525,0
2097-YVPKN,0.0071251644476475195,0
8917-SZTTJ,0.006941263296560823,0
5656-JAMLX,0.006939370537650725,0
0704-VCUMB,0.0068334672384954016,0
5902-WBLSE,0.006663336763333226,0
2569-WGERO,0.006557329333699112,0
7268-WNTCP,0.006556986251337942,0
6855-VLGOS,0.006550587868122275,0
7064-JHXCE,0.006491065521148883,0
2560-QTSBS,0.006489211049128285,0
4636-TVXVG,0.006458107316264022,0
9286-BHDQG,0.006369904791876313,0
1131-QQZEB,0.006177623260778916,0
7969-FFOWG,0.005899942730136601,0
3118-UHVVQ,0.005899211675547118,0
4656-CAURT,0.0057024317599129615,0
2072-ZVJJX,0.005629586416759818,0
5146-YYFRZ,0.005570269224713265,0
9800-OUIGR,0.005525365699349143,0
3274-NSDWE,0.005472779813468289,0
0971-QIFJK,0.005234540541747697,0
8092-NLTGF,0.005052880999374908,0
7980-MHFLQ,0.004997847905654719,0
8749-TZYEC,0.004822608839378835,0
8237-ULIXL,0.004821052421758344,0
0480-KYJVA,0.004706514233523513,0
4957-SREEC,0.004683627938681814,0
0505-SPOOW,0.00460323355235919,0
0831-JNISG,0.004564317524554696,0
2429-AYKKO,0.004535699772781692,0
0784-ZQJZX,0.004328496740186405,0
0464-WJTKO,0.004262510797761407,0
7463-IFMQU,0.0042237579043421835,0
